{"cameraMode":{"drawMode":0,"name":"Shaded","section":"Shading Mode"},"sceneLighting":true,"audioPlay":false,"sceneViewState":{"m_AlwaysRefresh":false,"showFog":true,"showSkybox":true,"showFlares":true,"showImageEffects":true,"showParticleSystems":true,"showVisualEffectGraphs":true,"m_FxEnabled":true},"in2DMode":false,"pivot":{"x":481.0667419433594,"y":371.4653015136719,"z":53.7252197265625},"rotation":{"x":0.042293354868888858,"y":0.013482455164194107,"z":-0.0005704499199055135,"w":0.9990178942680359},"size":354.5687255859375,"orthographic":false}